fname,label,Acoustic_guitar,Bass_drum,Cello,Clarinet,Double_bass,Flute,Hi-hat,Saxophone,Snare_drum,Violin_or_fiddle,y_pred
5388d14d.wav,Saxophone,1.3490342098521069e-05,0.0027045283932238817,0.004322782624512911,0.007217498030513525,0.00032903486862778664,0.0021102887112647295,1.0118960744875949e-05,0.9473693370819092,0.0002908135938923806,0.035632260143756866,Saxophone
c685f05f.wav,Saxophone,0.0001339537848252803,0.0004067889240104705,0.009488077834248543,0.0020617523696273565,0.00018861722492147237,0.003898893715813756,1.5867838101257803e-06,0.959974467754364,0.008475703187286854,0.015370193868875504,Saxophone
36d20ab5.wav,Saxophone,0.00013068984844721854,5.393858941715735e-07,1.7220338122569956e-05,0.00023038435028865933,3.111252954113297e-05,0.0019342867890372872,7.617306607698993e-08,0.9839615225791931,0.013642153702676296,5.198333747102879e-05,Saxophone
d6665734.wav,Saxophone,0.00790328998118639,9.477190906181931e-05,0.013706422410905361,0.00522078201174736,0.000789171492215246,0.0138504384085536,2.525541276554577e-06,0.9498098492622375,0.0005973679362796247,0.008025658316910267,Saxophone
7352e28f.wav,Saxophone,1.1981965144514106e-06,6.640316074779662e-10,2.809614124998916e-05,0.00700949365273118,7.866192390793003e-06,0.02749437466263771,1.0791914029084637e-09,0.965348482131958,1.6065943100329605e-06,0.00010880126501433551,Saxophone
8fa096bf.wav,Saxophone,2.2542175429407507e-05,7.541958621004596e-05,0.0006973668350838125,0.0009081515017896891,1.655681262491271e-05,0.0010592469479888678,2.6830305159819545e-06,0.994408369064331,2.7749418222811073e-05,0.002782014198601246,Saxophone
2f9c5f62.wav,Saxophone,8.73081007739529e-05,5.246744358422539e-11,4.341080966696609e-06,0.01137458998709917,2.2873105081089307e-06,3.1741753900860203e-06,2.998969961254261e-10,0.9647494554519653,0.02362286113202572,0.00015604135114699602,Saxophone
9cd05a2b.wav,Saxophone,1.2062248515576357e-06,8.035148368890077e-08,0.000165471836226061,0.0010272484505549073,2.3540762413176708e-05,0.007971051149070263,3.5414988275306314e-08,0.989250659942627,0.001234377734363079,0.0003262799873482436,Saxophone
ab465bf9.wav,Saxophone,4.5068904910294805e-06,2.953080280310161e-10,9.146821685135365e-05,0.00021238870976958424,4.1847588363452815e-06,0.0016358202556148171,1.0305809677868538e-10,0.9979821443557739,1.5771438484080136e-05,5.389230136643164e-05,Saxophone
c40632d7.wav,Saxophone,0.002256488660350442,0.00014672105317004025,0.036763936281204224,0.03400382027029991,0.0011501394910737872,0.012968880124390125,4.807504592463374e-05,0.8917620778083801,0.004541669972240925,0.016358288004994392,Saxophone
3a80061f.wav,Saxophone,0.006741643883287907,7.856729644117877e-05,0.002090266440063715,0.0015705130062997341,0.00014461424143519253,0.01410192996263504,0.0003896051784977317,0.9469864964485168,0.006699686404317617,0.021196473389863968,Saxophone
dba6817d.wav,Saxophone,0.004895240534096956,5.876900104340166e-05,0.01111315842717886,0.001326658995822072,0.0008709245594218373,0.008969481103122234,5.596721894107759e-05,0.9470522999763489,0.025560608133673668,9.675957699073479e-05,Saxophone
25f26095.wav,Saxophone,0.0003926426579710096,0.00014568594633601606,0.048948343843221664,0.00018851160712074488,0.000275136815616861,0.0005681967595592141,2.7666890218824847e-06,0.8977242708206177,0.004501143470406532,0.04725334793329239,Saxophone
37cebbd4.wav,Saxophone,3.3037413231795654e-05,4.747503723478985e-08,0.0009099635062739253,0.0005205133929848671,3.0510531360050663e-05,0.01693820394575596,4.2353285323315504e-08,0.9812435507774353,2.386266032772255e-06,0.00032167669269256294,Saxophone
f8d96888.wav,Saxophone,0.028018414974212646,5.7673580158734694e-05,0.00746140768751502,0.025632809847593307,0.00019089980924036354,0.005236587952822447,8.349475683644414e-05,0.9192428588867188,0.01026579737663269,0.003810020862147212,Saxophone
d94c94f0.wav,Saxophone,0.00019341509323567152,9.405308082932606e-05,0.0006659870268777013,0.036338306963443756,7.507170084863901e-05,0.0016269874759018421,5.909178071306087e-05,0.9470312595367432,0.011785663664340973,0.0021301978267729282,Saxophone
ec6afeb6.wav,Saxophone,5.204206559028535e-07,2.6741848319078443e-11,9.512593533145264e-05,9.820527338888496e-06,0.00013244766159914434,0.003256876254454255,4.858965660381465e-12,0.9963392615318298,4.794126198248705e-06,0.00016091020370367914,Saxophone
5f0dc8e4.wav,Saxophone,8.69272923864628e-07,1.055246385064934e-12,7.522459877229437e-10,0.0005219023441895843,6.362142357829725e-06,7.378246664302424e-05,2.6020415070651323e-14,0.9992163777351379,0.0001805546198738739,4.9329016427179795e-09,Saxophone
b8c0a88a.wav,Saxophone,0.00021355932403821498,4.291294075642327e-08,0.0021408055908977985,0.0028797059785574675,1.382102618663339e-05,0.026071174070239067,2.889418624363316e-07,0.9686599969863892,3.088519633820397e-06,1.745261761243455e-05,Saxophone
96dad435.wav,Saxophone,0.0010870989644899964,1.0222172022622544e-05,0.0001290132204303518,0.010921606793999672,4.9327893066219985e-05,0.006407788023352623,1.566053651913535e-05,0.9787530303001404,0.0007786633796058595,0.0018476087134331465,Saxophone
b120dc90.wav,Saxophone,7.828488378436305e-06,1.9142526070936583e-05,0.0001088078279281035,0.0002897881786338985,0.00010989943984895945,0.0005025335121899843,8.71660290613363e-07,0.9964178204536438,0.0004591076576616615,0.002084227278828621,Saxophone
c1948f24.wav,Saxophone,2.399151810550393e-07,1.2866822052259863e-09,3.7219280784484e-05,0.0005943375872448087,0.0005438643274828792,0.03016514517366886,1.768364121801369e-08,0.9686247706413269,2.11283204407664e-05,1.3300533282745164e-05,Saxophone
ac097834.wav,Saxophone,4.0534399886382744e-05,4.642289241019171e-06,0.0020132167264819145,0.06433261930942535,0.0005155209801159799,0.031607866287231445,3.781609052566637e-07,0.9012429118156433,0.00020478390797507018,3.753946293727495e-05,Saxophone
4345851e.wav,Saxophone,0.0014287714147940278,0.00010431982082081959,0.0035274955444037914,0.005710992030799389,0.00035804108483716846,0.019099514931440353,1.498787423770409e-05,0.962022602558136,0.006388976704329252,0.0013444283977150917,Saxophone
5d4f8187.wav,Saxophone,4.840376277570613e-05,0.00012166298256488517,0.0008606447954662144,0.0023550023324787617,2.0514076823019423e-05,0.0005863019032403827,1.202305952574534e-07,0.9939089417457581,0.001950060948729515,0.00014850836305413395,Saxophone
b83049f4.wav,Saxophone,0.00031763003789819777,0.00021658152400050312,1.4185394320520572e-05,0.007223470602184534,5.37563892066828e-06,0.0009907825151458383,1.5528657471008955e-08,0.9898274540901184,0.0009413830703124404,0.0004630179319065064,Saxophone
c1c3c8b9.wav,Saxophone,2.94206779472006e-06,1.0730696886618318e-10,2.8198142899782397e-05,2.7804944693343714e-05,0.0001361432223347947,0.008406284265220165,1.0448374804239435e-11,0.9880990386009216,1.0206809974988573e-06,0.003298921277746558,Saxophone
78a86075.wav,Saxophone,0.005687276367098093,8.104307198664173e-05,0.02288833260536194,0.0009653037413954735,0.00016119182691909373,0.01598057895898819,3.5102527817798546e-06,0.9441798329353333,0.0002764030359685421,0.009776647202670574,Saxophone
f0d315bc.wav,Saxophone,0.0005248257075436413,6.171534892018826e-07,0.0024142940528690815,0.002061041770502925,0.00017427139391656965,0.007727318909019232,5.023825906391721e-07,0.9787675738334656,0.0008267277735285461,0.0075029777362942696,Saxophone
9c0838c1.wav,Saxophone,0.013795779086649418,1.7324920236205799e-06,0.001095587620511651,0.0017591590294614434,0.0001961093075806275,0.02697131037712097,5.321293429005891e-06,0.9494699835777283,0.006407523527741432,0.0002975399256683886,Saxophone
d6144e01.wav,Violin_or_fiddle,4.3758729972864785e-09,1.4582876572966086e-10,9.069197517419525e-07,3.060144081246108e-05,2.022573636351055e-10,3.346621497257729e-06,1.3423215023067314e-05,3.120836922221315e-10,6.707884381285112e-08,0.9999516606330872,Violin_or_fiddle
cfb9c5fd.wav,Violin_or_fiddle,0.013476630672812462,0.0065217954106628895,0.05443879961967468,0.004848124459385872,0.023795312270522118,0.016310010105371475,0.00015357037773355842,0.0020779974292963743,0.02639547921717167,0.8519822955131531,Violin_or_fiddle
c6865306.wav,Violin_or_fiddle,0.0544816255569458,7.268281933647813e-06,0.022350259125232697,0.02622799202799797,0.0009854513918980956,0.009461987763643265,8.834975596982986e-05,0.0157089214771986,0.016392668709158897,0.8542957901954651,Violin_or_fiddle
642aba58.wav,Violin_or_fiddle,0.001354498672299087,5.707224772777408e-07,0.0185844749212265,0.010423632338643074,0.00015755314962007105,0.03758222982287407,6.714262326568132e-06,0.05110815167427063,0.0003276183851994574,0.8804544806480408,Violin_or_fiddle
848faca3.wav,Violin_or_fiddle,3.5468392525217496e-06,3.989148808614118e-06,0.0004719893913716078,0.0004656461242120713,2.3678237539570546e-06,4.909982089884579e-05,2.312880133104045e-05,2.1482424926944077e-05,4.756935959449038e-05,0.9989111423492432,Violin_or_fiddle
7eb9dac0.wav,Violin_or_fiddle,0.001412699231877923,0.01066927146166563,0.014262218028306961,0.0021299454383552074,0.0013547922717407346,0.002881689229980111,7.654037472093478e-05,0.0005564775201492012,0.018026037141680717,0.9486303925514221,Violin_or_fiddle
8d7d7dba.wav,Violin_or_fiddle,0.0021298369392752647,0.0005404077819548547,0.02711998112499714,0.0034743710421025753,0.001846209284849465,0.0014316753949970007,6.069672599551268e-05,0.006489782128483057,0.017889823764562607,0.9390172362327576,Violin_or_fiddle
2424ad60.wav,Violin_or_fiddle,8.909863390726969e-05,0.005677670240402222,0.004647022113204002,0.00034909319947473705,0.003615099238231778,0.0009414709638804197,4.1206258174497634e-05,0.002970919944345951,0.014814730733633041,0.9668537378311157,Violin_or_fiddle
ba648ac1.wav,Violin_or_fiddle,0.00042904101428575814,2.3780215997248888e-05,0.0017042172839865088,0.0008514827932231128,5.8026820624945685e-05,0.00021145095524843782,0.00022980022185947746,0.0001457751786801964,0.0018182189669460058,0.9945282340049744,Violin_or_fiddle
2e4a9850.wav,Violin_or_fiddle,1.4206731066224165e-05,3.873069087667602e-10,1.5755276194795442e-07,2.09630093195301e-06,5.308235184742216e-09,2.7484026077218005e-07,6.156116114652832e-07,1.8733047909336165e-05,0.0023838921915739775,0.9975800514221191,Violin_or_fiddle
2cc8683d.wav,Violin_or_fiddle,0.0010719540296122432,0.0002681692421901971,0.008161205798387527,0.0007455824525095522,0.007058870978653431,0.005268081557005644,8.656924910610542e-05,0.0011995217064395547,0.02540617249906063,0.9507337808609009,Violin_or_fiddle
7b6a119e.wav,Violin_or_fiddle,9.426374276699789e-07,1.045915837494249e-06,0.00017628837667871267,0.0008170679793693125,5.10980225953972e-06,0.06509040296077728,4.853222890233155e-07,1.6927201613725629e-06,1.7376096366206184e-05,0.9338896870613098,Violin_or_fiddle
68589f79.wav,Violin_or_fiddle,0.00012705926201306283,0.02171023003757,0.01596316508948803,0.000742220610845834,0.007503598928451538,0.002603834727779031,3.297560760984197e-05,0.00017485866555944085,0.0010814438574016094,0.9500606060028076,Violin_or_fiddle
fec00143.wav,Violin_or_fiddle,9.051584129338153e-06,7.664834811293986e-06,0.0012673193123191595,0.004178408533334732,1.7698448573355563e-05,0.0015142412157729268,4.164117490290664e-05,0.00015055092808324844,2.202134737672168e-06,0.9928112626075745,Violin_or_fiddle
1b24c166.wav,Violin_or_fiddle,0.000707847997546196,0.008168371394276619,0.03682694211602211,0.003951392602175474,0.03555223345756531,0.017495648935437202,0.0001065654432750307,0.0028971030842512846,0.0029105432331562042,0.8913833498954773,Violin_or_fiddle
6eb59008.wav,Violin_or_fiddle,2.3990143205310233e-08,3.3503206875451497e-09,5.143854286870919e-05,0.00011094577348558232,1.76430899045954e-06,0.0004902870277874172,3.856007779745596e-08,2.3544704163214192e-05,3.742323428923555e-07,0.9993215799331665,Violin_or_fiddle
0e7cd4eb.wav,Violin_or_fiddle,0.014446437358856201,0.0001958649227162823,0.02755938097834587,0.020843008533120155,0.029686061665415764,0.0018666371470317245,0.00027940093423239887,0.007039167452603579,0.011285162530839443,0.8867988586425781,Violin_or_fiddle
56e79c6f.wav,Violin_or_fiddle,0.012972325086593628,1.4257374232329312e-06,0.002705552615225315,0.0012435639509931207,0.000365755200618878,0.02040702849626541,0.004843907430768013,0.002939763246104121,0.0034809941425919533,0.9510396718978882,Violin_or_fiddle
cdc5fe8e.wav,Violin_or_fiddle,0.0008164333994500339,1.5302001656891662e-06,0.0014752516290172935,6.46154658170417e-05,0.0033388198353350163,0.07197975367307663,2.7054477413912537e-07,0.0017629846697673202,0.0017945666331797838,0.9187658429145813,Violin_or_fiddle
b38409bb.wav,Violin_or_fiddle,1.5109833384485682e-06,5.55833490345492e-10,0.00023755535949021578,9.145817602984607e-05,5.168012506828745e-08,8.667022939334856e-07,4.6859646829489066e-08,4.246028595389362e-08,1.1858810466947034e-07,0.999668300151825,Violin_or_fiddle
c8c117dc.wav,Violin_or_fiddle,0.035789284855127335,0.001541253412142396,0.03677929937839508,0.0012684458633884788,0.002661880338564515,0.00145849643740803,0.000411970482673496,0.0007930985884740949,0.01636464335024357,0.9029316306114197,Violin_or_fiddle
b73c3595.wav,Violin_or_fiddle,1.1805666417785687e-06,1.4543306559033908e-09,1.3906103049521334e-05,2.166712874895893e-05,3.7092562354956726e-09,1.012220309348777e-06,3.660216663092797e-08,3.788895863721109e-09,1.1536583315319149e-06,0.9999610781669617,Violin_or_fiddle
d84c8c43.wav,Violin_or_fiddle,0.00019055488519370556,0.002385122235864401,0.017790265381336212,0.004006104543805122,0.008640826679766178,0.006913573481142521,0.00017799594206735492,0.0030093600507825613,0.0014229359803721309,0.955463171005249,Violin_or_fiddle
d914225a.wav,Violin_or_fiddle,0.002342512598261237,5.906564183533192e-06,0.016456399112939835,0.0013392630498856306,0.025753548368811607,0.00014505363651551306,1.8188453623224632e-06,0.00012723248801194131,0.00043346971506252885,0.953394889831543,Violin_or_fiddle
1148986e.wav,Violin_or_fiddle,0.010020649060606956,3.997377007181058e-06,0.011669560335576534,0.00029069121228531003,0.000438908115029335,0.0020387035328894854,9.014161150844302e-06,0.09040623158216476,0.0007724335300736129,0.8843498229980469,Violin_or_fiddle
e3f479f3.wav,Violin_or_fiddle,0.00044868048280477524,3.184898787367274e-06,0.007174610160291195,0.002294831210747361,1.108077685785247e-05,0.013854015618562698,7.660546543775126e-05,0.0070207142271101475,0.017482345923781395,0.9516341686248779,Violin_or_fiddle
aab28420.wav,Violin_or_fiddle,0.0006357928505167365,0.002553338650614023,0.015702741220593452,0.0004607890441548079,0.002706204541027546,0.004578321240842342,3.603897857828997e-05,0.0030561136081814766,0.024241618812084198,0.9460290670394897,Violin_or_fiddle
21346775.wav,Violin_or_fiddle,0.0001032545042107813,0.00032122235279530287,0.004809483420103788,7.021616329438984e-05,0.00011762415670091286,0.0021675152238458395,7.614373316755518e-05,0.00014910008758306503,0.0008767700055614114,0.9913085699081421,Violin_or_fiddle
cdeece57.wav,Violin_or_fiddle,0.0004570437886286527,3.782533894991502e-05,0.0010151464957743883,0.0020677826832979918,0.0002040351537289098,0.011802087537944317,2.4130766178132035e-05,0.008837970905005932,0.0031276552472263575,0.9724262952804565,Violin_or_fiddle
c9fb642d.wav,Violin_or_fiddle,0.0028496014419943094,8.933882782002911e-05,0.005984884686768055,0.001005688332952559,6.234773172764108e-05,0.0005826479755342007,0.00011978900874964893,0.003340761410072446,0.006783270742744207,0.9791817665100098,Violin_or_fiddle
078f7ac0.wav,Hi-hat,3.3657672204867595e-09,3.578675238633845e-14,2.7226558681203716e-12,7.50545936512026e-08,6.054539682109894e-12,2.6771436978378915e-07,0.9994083642959595,1.0011589474112625e-10,0.00059141730889678,6.283247810934256e-10,Hi-hat
e897db78.wav,Hi-hat,1.2984854080855257e-08,9.55253454462679e-13,5.247186365964218e-11,1.8873898000038025e-07,3.533375148023765e-09,2.6127966634703625e-07,0.999992311000824,8.333090619448702e-13,7.323755653487751e-06,7.014596459242739e-09,Hi-hat
b31ed1fb.wav,Hi-hat,3.1515722298536275e-07,4.129706021593904e-10,4.3818122321681585e-06,0.0001632597850402817,1.9204557943908185e-08,0.00026034226175397635,0.9947892427444458,1.6314493223035242e-07,0.000312829710310325,0.004469531122595072,Hi-hat
06c48eab.wav,Hi-hat,7.091155566740781e-05,7.196685487542709e-07,0.00013289350317791104,0.002715249080210924,4.625791916623712e-06,0.009883579798042774,0.9845465421676636,1.2498589967435692e-05,0.002041849074885249,0.0005911775515414774,Hi-hat
2503aaa1.wav,Hi-hat,9.88715331828871e-09,3.648603121020333e-12,1.5890500720816547e-11,5.385233635024633e-06,1.0016217716346532e-10,1.7169099919556174e-06,0.999743640422821,3.541278159602257e-09,0.0002492817002348602,2.2237351515741466e-08,Hi-hat
3d3439f1.wav,Hi-hat,1.689377882030385e-08,1.7658050585969698e-12,1.1999194693412818e-10,2.877842142368081e-08,2.598655179930631e-10,1.0326043309305533e-07,0.9999488592147827,1.3505623214834367e-13,5.095890810480341e-05,6.565533450242356e-09,Hi-hat
34a90030.wav,Hi-hat,2.5412529858215294e-09,4.705538056101223e-14,3.304771178935795e-10,7.696478121488326e-09,2.567590307034351e-10,6.137742758483e-08,0.9999991059303284,2.1160360247872434e-13,8.260436175078212e-07,1.6947160341729273e-10,Hi-hat
da4b0379.wav,Hi-hat,1.6170437211471267e-10,3.8479330365223576e-16,2.2511781935102837e-12,7.047111783009541e-10,1.1895015354645988e-11,2.451724379071152e-09,0.9999997019767761,2.0977621280422452e-17,2.86790736936382e-07,3.846023846620916e-11,Hi-hat
a090c45a.wav,Hi-hat,4.542428211351535e-09,2.73326961107781e-13,3.8396650442473756e-11,1.2772870832122862e-05,1.4447003706188899e-12,5.286845521368377e-07,0.9999772906303406,2.31028114390866e-13,8.99445603863569e-06,4.171694172327989e-07,Hi-hat
41897c32.wav,Hi-hat,2.4984181390408366e-09,9.068524577104942e-12,6.715782774335821e-08,0.0002347649569856003,2.143473419591313e-11,0.0004508319834712893,0.9993130564689636,4.231300310131303e-10,1.131525664277433e-07,1.2510733995441115e-06,Hi-hat
2032be87.wav,Hi-hat,5.346064146927176e-10,1.2569445470892414e-14,5.90801322794543e-12,1.6189206064609607e-07,6.407931043422854e-12,1.0509747880860232e-06,0.9999613165855408,6.964429921652027e-09,3.749303868971765e-05,3.5894312522266603e-10,Hi-hat
73677128.wav,Hi-hat,3.383538726975388e-10,1.8488518482569043e-14,2.9911557172107583e-12,1.1965616977249738e-06,1.9749155436010746e-11,5.060384111743588e-08,0.9999974966049194,6.320058951007901e-13,1.4404400872081169e-06,3.4824934602717406e-10,Hi-hat
c53a217e.wav,Hi-hat,1.9298103393072807e-10,1.317192454792311e-15,2.540383485169495e-12,3.9363945347759e-07,2.8084687353491233e-12,5.2730619870544615e-08,0.9999975562095642,1.0382447939577544e-12,2.0400680114107672e-06,1.6964429860877317e-10,Hi-hat
f0dfe343.wav,Hi-hat,2.2924711018390553e-09,1.096282786772207e-12,5.376328271466946e-09,9.954585038940422e-06,7.671550616983325e-10,0.0001631239429116249,0.9997897744178772,9.109079655900132e-06,2.696748560993001e-05,1.1222653029108187e-06,Hi-hat
0ed06544.wav,Hi-hat,7.482596764418759e-09,7.814787635366735e-14,1.2598147525189063e-10,1.6875192798693206e-08,3.817355112567533e-11,3.2036331276685814e-07,0.999977707862854,1.0332262823098404e-09,2.1982757971272804e-05,1.4780093815502937e-10,Hi-hat
99c96a07.wav,Hi-hat,4.904749744127912e-07,1.1011993539256082e-09,1.496774815201718e-09,7.551311136921868e-05,8.728923006628975e-08,3.300106982351281e-05,0.9998747706413269,9.870386286081612e-09,1.6046493328758515e-05,1.4567680750587897e-07,Hi-hat
3a3d0279.wav,Hi-hat,8.957515618135403e-09,8.56936049897783e-12,1.276831002039458e-10,3.705726339831017e-05,1.590640119619735e-11,1.7332381503365468e-06,0.9999597668647766,4.773040643279991e-11,1.3541974794861744e-06,1.0207721601318553e-07,Hi-hat
612702c3.wav,Hi-hat,7.715670768959626e-09,5.397841462001507e-14,1.0689087635851191e-11,4.9215768740396015e-06,3.2529140492343345e-10,5.990297722746618e-06,0.9999850392341614,9.859591365568576e-09,3.4193694773421157e-06,6.313273388514062e-07,Hi-hat
d6854eb4.wav,Hi-hat,0.0007383262855000794,0.0012251591542735696,0.0036773693282157183,0.020431742072105408,0.0009202355868183076,0.016990618780255318,0.9244822859764099,0.029620064422488213,0.0008474880596622825,0.0010667566675692797,Hi-hat
52300f9b.wav,Hi-hat,7.675521676575592e-12,2.1020439457650647e-17,1.603040481390136e-13,2.2949624423063142e-08,6.41720927630862e-15,1.4216856136783917e-08,1.0,2.872697332833088e-14,2.7330395724334267e-08,6.170171578528949e-12,Hi-hat
09a1cfd7.wav,Hi-hat,1.6037828842740964e-08,8.34408659788205e-13,1.9898152136405e-12,1.432925245126171e-07,1.34631528148077e-10,9.75231557731604e-08,0.9999660849571228,2.945458980885274e-12,3.3737054764060304e-05,1.0788951954054937e-08,Hi-hat
3aafb6ad.wav,Hi-hat,2.6649036755088673e-08,2.478650097670343e-11,9.557089564182775e-10,0.0004527111304923892,6.200464447436715e-11,4.970625013811514e-06,0.9995175004005432,3.1816931311823282e-09,2.4380828108405694e-05,3.419091569867305e-07,Hi-hat
493c247b.wav,Hi-hat,1.1812060218829856e-09,7.38929520328023e-14,5.3211129946717506e-11,1.5510288449149812e-06,4.956417221091414e-11,3.6986541545047658e-06,0.9999790787696838,8.244389615441605e-10,1.5687190170865506e-05,1.106072122780688e-08,Hi-hat
5ec7ad26.wav,Hi-hat,2.992295549120172e-07,1.6587173301552127e-10,6.3786989024094964e-09,2.9564321266661864e-06,3.852333207987613e-08,9.088159913517302e-07,0.9996588826179504,1.9787313454422417e-10,0.00033655299921520054,3.277219207120652e-07,Hi-hat
a1b369d7.wav,Hi-hat,2.1793991056284767e-09,3.1286351547671343e-12,5.096208788302192e-09,1.3411928193818312e-05,8.654982286415702e-11,3.644952448667027e-05,0.999950110912323,6.898295823454248e-11,9.210328499875686e-08,7.408588231783142e-08,Hi-hat
8cd809d3.wav,Hi-hat,3.347450316937284e-08,5.435839278700172e-12,8.32086510804686e-10,0.00021741603268310428,1.050812561964598e-10,1.0956136065942701e-05,0.9995543956756592,1.5878168779792645e-09,0.00021647143876180053,7.123071554815397e-07,Hi-hat
aed9d22f.wav,Hi-hat,2.147475308689195e-09,4.249002544124206e-14,2.8053072018141556e-11,2.3917948510643328e-06,4.508927009538866e-09,1.850291846494656e-05,0.9997740983963013,8.857048983124116e-10,0.000204764524823986,3.525012743921252e-07,Hi-hat
a7964699.wav,Hi-hat,7.900927023740678e-09,3.710831988912311e-12,5.089070276298457e-10,0.0004516387125477195,3.6306441793948485e-12,1.3521936352844932e-06,0.9994971752166748,3.7553054416106235e-11,4.963485480402596e-05,1.0997271715496026e-07,Hi-hat
da3f8050.wav,Hi-hat,1.90692723833763e-08,1.918682877508071e-12,2.241625773891087e-09,2.3578348191222176e-05,2.319843622755613e-10,7.888257641752716e-06,0.9999254941940308,1.6626617593828996e-07,4.269024066161364e-05,1.1970305990871566e-07,Hi-hat
468f9c4c.wav,Hi-hat,2.4786327230685856e-06,4.4498444928819936e-09,3.267289503128268e-05,4.435304072103463e-05,1.9246938620653964e-07,0.011480331420898438,0.981978178024292,4.271467446415045e-07,0.0064607467502355576,5.192249545871164e-07,Hi-hat
229be2be.wav,Snare_drum,4.2201520500384504e-07,1.4330216124847084e-08,9.91298065855517e-09,4.7582901174791914e-08,1.2799944215657888e-08,8.883386612978939e-07,2.021762338699773e-05,8.041129149205517e-07,0.9999762773513794,1.3374651643971447e-06,Snare_drum
b6cbc6a9.wav,Snare_drum,7.923706135670727e-08,2.2569430768726306e-09,7.3599721872597e-09,1.1465466354110276e-09,1.9880710411257496e-09,1.7256088113981605e-08,4.468521638045786e-06,7.502097787437378e-07,0.9999945759773254,1.4952193794215418e-07,Snare_drum
ae7d1c37.wav,Snare_drum,0.00017837519408203661,5.451323090710503e-07,0.00020151649368926883,6.1777932387485635e-06,2.344483931437935e-07,6.372784991981462e-05,9.49107601400101e-08,0.005883445497602224,0.9936076998710632,5.824879553983919e-05,Snare_drum
82d4fb44.wav,Snare_drum,0.0025763034354895353,2.2304766389424913e-06,0.0003726267605088651,2.5281691705458798e-05,1.585165773576591e-05,0.0006553006242029369,0.025171302258968353,0.0005706856027245522,0.9495455026626587,0.021064871922135353,Snare_drum
4c590f69.wav,Snare_drum,0.00030095948022790253,2.1100995581946336e-05,2.5928669856511988e-05,0.00020176390535198152,2.562077497714199e-05,2.0588024199241772e-05,4.8919988330453634e-05,5.474632416735403e-05,0.9981974363327026,0.00110291235614568,Snare_drum
1c9a423f.wav,Snare_drum,2.2869123483815201e-07,1.4167333755796263e-12,3.1008446512714727e-06,0.001780865015462041,3.661699921053696e-08,3.467633359832689e-05,1.561397955374133e-10,6.989917892497033e-05,0.9980611801147461,4.9957696319324896e-05,Snare_drum
f0727eac.wav,Snare_drum,2.050011049803402e-09,1.7277373975943533e-11,2.382820937091301e-12,1.7355372347593878e-11,3.30210967076916e-12,2.107562124820106e-09,1.8322707546758465e-05,1.0318353282912085e-08,0.999981701374054,4.333326941718951e-08,Snare_drum
31db8c5e.wav,Snare_drum,0.001256510498933494,0.00045549854985438287,0.00031417576246894896,0.0009287302382290363,0.0016164286062121391,1.2252814485691488e-05,3.271254536230117e-05,0.01136776339262724,0.9835743308067322,0.00044163750135339797,Snare_drum
b86b5a96.wav,Snare_drum,6.956511100497664e-08,2.9554731995062866e-09,9.448313242899076e-10,3.893352751305201e-09,1.6085436316259916e-09,6.904749056957371e-07,2.970841572746963e-09,4.681354766944423e-05,0.9999521970748901,1.9590349609188706e-07,Snare_drum
6fca680b.wav,Snare_drum,2.6673900720197707e-05,2.6963846266880864e-07,7.647504389751703e-07,8.93725245987298e-06,3.1707231755717658e-06,9.95579867435481e-08,1.0755009327567677e-07,4.217460809741169e-05,0.9999027252197266,1.51025833474705e-05,Snare_drum
1bc8eae1.wav,Snare_drum,8.488590538036078e-05,6.0260758800723124e-06,1.3821077118336689e-06,2.6259428409503016e-07,2.798844889184693e-07,3.088907033088617e-05,1.2531675110949436e-06,6.360961560858414e-05,0.9994572997093201,0.00035415514139458537,Snare_drum
46b52f97.wav,Snare_drum,2.7203819197296752e-09,1.28884666827922e-10,2.0305947201482155e-10,7.57348530555646e-08,7.61737728449674e-10,1.5019816501649075e-09,5.535508762477548e-08,1.9843969312205445e-06,0.9999974370002747,4.810906375496415e-07,Snare_drum
0c67f402.wav,Snare_drum,7.978972575983789e-07,1.2250673364633258e-07,7.54686446668984e-09,1.0872174271980839e-08,1.0487993762353653e-07,2.5058383812393004e-07,8.057344375034248e-11,1.687951044004876e-05,0.9999817609786987,2.2401502519642236e-07,Snare_drum
c8ecbbfd.wav,Snare_drum,1.0443226727829824e-07,1.921441006302871e-09,1.9507699899889985e-09,4.2159697954957664e-09,1.796116588792529e-09,3.7681056141991576e-07,7.863969919696956e-09,4.591863671521423e-06,0.9999915957450867,3.3487167456769384e-06,Snare_drum
9f84ea5a.wav,Snare_drum,0.0024424272123724222,0.0006296546198427677,0.0658997967839241,0.02060023695230484,0.053038839250802994,0.020084165036678314,2.1670095406989276e-07,0.00010265051969327033,0.8371843695640564,1.7618873243918642e-05,Snare_drum
e4958adc.wav,Snare_drum,4.071270431893481e-09,1.0401032568552182e-06,1.030929439038708e-10,0.00011349293345119804,4.4872952575936154e-10,1.078951719635235e-10,7.719607938994066e-12,9.327847010354162e-07,0.9998846054077148,2.7244861922071095e-09,Snare_drum
5ce40b1b.wav,Snare_drum,7.536141310993116e-06,6.549949489453866e-07,5.527380722014641e-07,2.7423206461207883e-07,8.772497750442199e-08,5.165386482985923e-06,2.2082494979258627e-06,0.00012414276716299355,0.9996110796928406,0.00024833634961396456,Snare_drum
9d308738.wav,Snare_drum,2.1267819647619035e-06,6.028387815604219e-07,3.5899374779546633e-06,1.3177592563806684e-06,5.474138333738665e-07,0.00012573719141073525,1.4442875908571295e-05,0.00012917935964651406,0.9996838569641113,3.8683829188812524e-05,Snare_drum
1e3391d5.wav,Snare_drum,5.054859570918779e-07,2.8031383862980874e-06,2.1963998619867198e-08,0.00041781511390581727,3.003938786605431e-07,1.1341766281702803e-07,2.8806896867905607e-09,0.00019699663971550763,0.9993087649345398,7.26520229363814e-05,Snare_drum
ff3f21e7.wav,Snare_drum,1.7501965032806766e-07,7.647373649888323e-07,8.230948367327073e-09,8.875309163158818e-07,2.8717666022970434e-09,1.1805733279857122e-08,3.195531395050466e-09,1.119602984545054e-06,0.9999949336051941,2.1408695829450153e-06,Snare_drum
b68f10af.wav,Snare_drum,3.457483762758784e-05,9.238226994057186e-06,1.4728274436492939e-05,8.961446292232722e-05,1.7087575542973354e-05,0.001434605335816741,6.080751518311445e-06,0.01698715053498745,0.9813852310180664,2.1607760572806e-05,Snare_drum
e8e00924.wav,Snare_drum,5.896316451980965e-06,5.295270966598764e-06,5.729633357987041e-06,3.8013359926480916e-07,1.3921468280386762e-06,9.745966963237152e-06,1.490986818453166e-07,0.0056282938458025455,0.9942749738693237,6.809674960095435e-05,Snare_drum
22e1c02c.wav,Snare_drum,4.682169219449861e-06,1.6939669649218558e-06,0.00027919074636884034,1.48223371070344e-05,0.000147777987876907,0.0006094525451771915,1.1333569318594527e-06,6.953900447115302e-05,0.9988369941711426,3.4722223062999547e-05,Snare_drum
5c33d972.wav,Snare_drum,0.010689185932278633,0.02643231488764286,0.037658095359802246,0.0018759204540401697,0.04037625342607498,0.0059656063094735146,0.00016150072042364627,0.0005263271741569042,0.872658908367157,0.003655852749943733,Snare_drum
9320c55f.wav,Snare_drum,0.0001004132573143579,2.4998786102514714e-05,0.0006304185371845961,1.1986641766270623e-05,8.40839566080831e-05,0.00046936911530792713,6.024874892318621e-05,0.0034167044796049595,0.9948595762252808,0.00034217326901853085,Snare_drum
f1754aea.wav,Snare_drum,0.0055971909314394,0.010440793819725513,0.0010584929259493947,0.00019929895643144846,0.0002861492976080626,0.005451586563140154,4.647287369152764e-06,0.005218795966356993,0.9715316891670227,0.0002113076188834384,Snare_drum
b218444c.wav,Snare_drum,0.00014274778368417174,0.0002123992017004639,0.0018864000448957086,0.0010056761093437672,0.00036868525785394013,4.76218992844224e-05,1.1441558172009536e-06,0.0036721813958138227,0.9848608374595642,0.00780226057395339,Snare_drum
36d06cc0.wav,Snare_drum,4.848533535550814e-06,2.237783064629184e-06,3.3452579595305565e-10,2.8169878873995913e-08,6.136732899619801e-09,1.9675247542316754e-11,7.08553788558719e-12,1.1821091902675107e-05,0.9999810457229614,8.467087297958642e-08,Snare_drum
4c4d4797.wav,Snare_drum,4.114767307328293e-06,2.5040341355975215e-08,1.754478695659145e-08,1.3429713590085157e-06,1.6442180950093643e-08,3.916236892109737e-06,2.655761655034894e-08,0.000257723790127784,0.9997310042381287,1.8634674461281975e-06,Snare_drum
cae0d841.wav,Snare_drum,1.9215354996049427e-07,9.230381459168768e-10,1.6363712163069977e-08,1.7800486773467128e-07,5.0398796247463906e-08,2.184500772273168e-06,3.0950366181059508e-06,5.837110165884951e-06,0.9997372627258301,0.0002512435894459486,Snare_drum
17f82c05.wav,Acoustic_guitar,0.5690929293632507,0.014118797145783901,0.15939973294734955,0.0029417709447443485,0.2017306685447693,0.002886746311560273,2.0235502233845182e-05,0.0027058611158281565,0.011185234412550926,0.03591796010732651,Acoustic_guitar
0eeaebcb.wav,Acoustic_guitar,0.7548785209655762,2.6175057428190485e-06,0.002747755032032728,0.022121619433164597,0.013560831546783447,0.19131909310817719,2.0554002730932552e-06,0.014820702373981476,0.00019965469255112112,0.000347002933267504,Acoustic_guitar
e92bf0fa.wav,Acoustic_guitar,0.9473311901092529,2.3605434762430377e-06,0.006051685195416212,0.0004075161414220929,0.001523690763860941,0.03614191710948944,1.0669508583305287e-06,0.00018454980454407632,0.00014098796236794442,0.008214781992137432,Acoustic_guitar
10da16fb.wav,Acoustic_guitar,0.9607498645782471,1.2037831993438886e-06,0.003475495846942067,0.008436120115220547,0.0007869887049309909,0.000764323107432574,9.894375097019292e-09,0.00869154091924429,0.011559042148292065,0.00553534459322691,Acoustic_guitar
a25423a8.wav,Acoustic_guitar,0.8269829154014587,0.004927671514451504,0.007367479614913464,0.010097173042595387,0.13577106595039368,0.0022766010370105505,7.4973931987187825e-06,0.010895959101617336,0.0002339471539016813,0.0014395320322364569,Acoustic_guitar
16c9a838.wav,Acoustic_guitar,0.8978180885314941,3.989950982941082e-06,0.0017242502653971314,0.032894525676965714,0.0005875843344256282,0.006350034847855568,0.00012001005961792544,0.033836640417575836,4.2032927012769505e-05,0.02662288211286068,Acoustic_guitar
70ca9c77.wav,Acoustic_guitar,0.7882883548736572,2.1156702132429928e-05,0.020255926996469498,0.015608658082783222,0.1697707176208496,0.002594668185338378,1.3081447036711324e-07,0.00027367306756787,0.0028592925518751144,0.00032762615592218935,Acoustic_guitar
38216fad.wav,Acoustic_guitar,0.9215964078903198,0.0010131478775292635,0.007423449773341417,0.001633600564673543,0.04451882094144821,0.008943326771259308,3.9897595343063585e-06,0.009333564899861813,0.0034919544123113155,0.0020417682826519012,Acoustic_guitar
d8a257e5.wav,Acoustic_guitar,0.9473835825920105,0.00456666387617588,0.007810590788722038,0.008348625153303146,0.013834308832883835,0.005167784169316292,2.656351171026472e-05,0.004801079630851746,0.0056083607487380505,0.0024525378830730915,Acoustic_guitar
7506dcc4.wav,Acoustic_guitar,0.42421624064445496,2.737069451086427e-07,0.00038534088525921106,0.5657839179039001,0.0018226862885057926,0.00018730558804236352,1.2058608334086784e-08,0.003258930053561926,0.0037568076513707638,0.0005884359707124531,Clarinet
a6728901.wav,Acoustic_guitar,0.9791516065597534,1.9545843770174542e-06,0.0003107443335466087,0.0001502429076936096,4.890404852631036e-06,0.0034030452370643616,0.0007290326757356524,0.00010082081280415878,0.004263340495526791,0.011884303763508797,Acoustic_guitar
b88322f6.wav,Acoustic_guitar,0.9743931293487549,0.0003608641563914716,0.020869145169854164,7.120268855942413e-05,0.0004805940552614629,0.0016583207761868834,1.5429695849888958e-05,0.0016497315373271704,1.928110395965632e-05,0.0004824868228752166,Acoustic_guitar
35039ae1.wav,Acoustic_guitar,0.9859123229980469,2.7205076094105607e-06,0.0006625661044381559,0.0001409962133038789,0.001555910799652338,0.011414810083806515,3.707878875047754e-07,0.00013687806494999677,0.00013350561494007707,3.985896910307929e-05,Acoustic_guitar
236cbab1.wav,Acoustic_guitar,0.8068973422050476,0.0019319165730848908,0.03643146529793739,0.019956443458795547,0.09260386973619461,0.0006602725479751825,5.811117262055632e-06,0.03194783255457878,0.008709701709449291,0.0008552963263355196,Acoustic_guitar
0356dec7.wav,Acoustic_guitar,0.8945199847221375,0.0008303238428197801,0.02679034136235714,0.001208384637720883,0.0006664752145297825,0.019364874809980392,3.992243728134781e-05,0.020467158406972885,0.011051449924707413,0.025061188265681267,Acoustic_guitar
bb1f5874.wav,Acoustic_guitar,0.9931238293647766,4.007946699857712e-06,0.0016115071484819055,0.00033935747342184186,0.0015098042786121368,0.00016295374371111393,8.08477480518377e-08,5.1651204557856545e-05,0.0025801348965615034,0.00061674794415012,Acoustic_guitar
34747922.wav,Acoustic_guitar,0.9828930497169495,3.167526756442385e-07,0.00038184254663065076,7.0971465902403e-05,0.0001873979636002332,0.015076958574354649,1.9707938463398023e-06,0.0001550960005261004,2.204002157668583e-05,0.0012103106128051877,Acoustic_guitar
44fb3eeb.wav,Acoustic_guitar,0.8692111968994141,5.001214731237269e-07,0.004270331468433142,0.0002303175861015916,0.0007389714010059834,0.029529685154557228,6.421969622749657e-09,0.09068484604358673,0.002773555228486657,0.0025606949348002672,Acoustic_guitar
367ad7b1.wav,Acoustic_guitar,0.8786322474479675,5.5860031267229715e-08,0.003752350341528654,0.00015948194777593017,0.08915762603282928,0.019156988710165024,8.883363378231479e-09,0.007965391501784325,0.0011426473502069712,3.3167605579365045e-05,Acoustic_guitar
160c92d7.wav,Acoustic_guitar,0.9178969264030457,8.56737244703254e-07,0.0009401139686815441,0.0002251979458378628,0.00024968531215563416,0.0003557898453436792,1.6201555652628485e-08,0.0014342241920530796,0.0421113558113575,0.0367857851088047,Acoustic_guitar
2016d256.wav,Acoustic_guitar,0.8722516894340515,5.160373864332435e-12,8.684335028874557e-08,0.12737581133842468,5.176642844162416e-06,1.4111591553955805e-05,9.836362627191342e-12,0.0003524220664985478,4.71163104975858e-07,8.499480230739209e-08,Acoustic_guitar
fc55d588.wav,Acoustic_guitar,0.9046971201896667,1.2239327134011546e-06,0.022271133959293365,0.0011516817612573504,0.022254304960370064,0.005933268927037716,2.568382114986889e-06,0.001607023528777063,0.03699755296111107,0.0050842189230024815,Acoustic_guitar
c7846d27.wav,Acoustic_guitar,0.9730818271636963,6.727538561790425e-07,0.0009074528352357447,0.00037415605038404465,7.814025593688712e-06,0.020155787467956543,2.2528349745698506e-06,4.646208708436461e-06,3.4599070204421878e-06,0.00546195637434721,Acoustic_guitar
55822aae.wav,Acoustic_guitar,0.8517265319824219,0.0002046364825218916,0.08058764040470123,0.011973864398896694,0.02599654532968998,0.00784345343708992,5.7330318668391556e-05,0.008583353832364082,0.011317322961986065,0.0017094038194045424,Acoustic_guitar
9923ddf8.wav,Acoustic_guitar,0.9912402033805847,1.2871606891451393e-08,2.4154451239155605e-06,0.0029232485685497522,2.360461076023057e-05,5.885701466468163e-05,8.909608162355198e-09,1.0135898520502451e-07,0.00016667965974193066,0.005584997590631247,Acoustic_guitar
32dee61b.wav,Acoustic_guitar,0.8203943371772766,0.02373727597296238,0.042960911989212036,0.001522694481536746,0.08785393834114075,0.0003537614829838276,9.129094905802049e-06,0.003922044765204191,0.0010039762128144503,0.018241817131638527,Acoustic_guitar
fa4d4a92.wav,Acoustic_guitar,0.6052725911140442,6.032969849911751e-06,0.01268669031560421,0.0016900572227314115,0.37959399819374084,7.958101923577487e-05,2.440555313398818e-09,0.00010985456901835278,0.0005593029782176018,1.8349783204030246e-06,Acoustic_guitar
8da75280.wav,Acoustic_guitar,0.6984784007072449,6.527202003780985e-06,0.03181504085659981,0.0075054713524878025,0.2588965594768524,0.0004334313271101564,4.5505399270950875e-07,0.001959236105903983,0.0007827610825188458,0.00012230964784976095,Acoustic_guitar
b2261238.wav,Acoustic_guitar,0.8726373910903931,5.481918196892366e-05,0.0031909614335745573,0.0025617885403335094,0.0006226807017810643,0.07882574945688248,4.3230343180766795e-06,0.027124756947159767,0.012712620198726654,0.002265054965391755,Acoustic_guitar
673defaf.wav,Acoustic_guitar,0.9569414854049683,2.9064997306704754e-06,0.00021598154853563756,0.008063554763793945,4.5450769903254695e-06,0.002581903478130698,9.696610732135014e-07,0.018942033872008324,0.010537591762840748,0.002709113759920001,Acoustic_guitar
e6597186.wav,Double_bass,0.19278191030025482,9.906320883601438e-06,0.07137715071439743,1.7768143152352422e-05,0.727083683013916,1.4607509001507424e-05,3.844743134973072e-10,4.628953684004955e-05,0.008660862222313881,7.863630344218109e-06,Double_bass
fcfafbc8.wav,Double_bass,0.00043663548422046006,0.00742958951741457,0.0011725655058398843,2.427093249934842e-06,0.9899274706840515,7.619608481945761e-07,3.027226525009752e-10,7.066772695907275e-07,0.0010255470406264067,4.435700247995555e-06,Double_bass
444f9db5.wav,Double_bass,0.002071985974907875,2.8453370759962127e-05,0.0011164629831910133,0.00037578720366582274,0.9203805327415466,0.002391024259850383,2.167537677122411e-11,0.06859582662582397,0.003380604088306427,0.001659287721849978,Double_bass
19893aa8.wav,Double_bass,0.005239528138190508,0.006335004232823849,0.00815166812390089,0.004145101178437471,0.9292111992835999,0.022290201857686043,0.00014479477249551564,0.0012064973125234246,0.0006588822579942644,0.02261705882847309,Double_bass
f042282c.wav,Double_bass,0.007592164445668459,0.0294522512704134,0.02186674438416958,0.012215204536914825,0.9134483933448792,0.009031607769429684,1.1414123946451582e-05,0.0003337631933391094,0.003925406839698553,0.0021230019629001617,Double_bass
95e1d0ae.wav,Double_bass,0.009470943361520767,0.018485940992832184,0.039901264011859894,2.451414729875978e-05,0.9280237555503845,0.0005366338300518692,2.650059286679607e-06,0.0007436603773385286,0.002754916436970234,5.567694461205974e-05,Double_bass
595c191d.wav,Double_bass,0.016005825251340866,0.00022110760619398206,0.00013262689753901213,0.00021745741833001375,0.959445595741272,2.122271507687401e-05,2.885887306902646e-09,0.02191784605383873,5.5113821872510016e-05,0.001983284717425704,Double_bass
8073923c.wav,Double_bass,0.1857139617204666,3.9296708564506844e-05,0.0354573018848896,0.0005920203984715044,0.7434561252593994,0.0006736613577231765,4.047808133122999e-08,0.0002768693957477808,0.03376808390021324,2.264378417748958e-05,Double_bass
6efbaf90.wav,Double_bass,0.001553473761305213,0.043966956436634064,0.010152041912078857,0.00026589626213535666,0.9424439668655396,0.0006502841715700924,5.842272457812214e-06,2.866052909666905e-06,0.0005322956712916493,0.00042646145448088646,Double_bass
642ad7e4.wav,Double_bass,0.019507061690092087,7.712910155532882e-05,0.009214391931891441,2.1480906070792116e-05,0.9669124484062195,0.00011531396012287587,1.0286597129649522e-09,3.797792669502087e-05,0.00323854829184711,0.0008756372262723744,Double_bass
5eadbc6d.wav,Double_bass,0.023950882256031036,0.0006556311273016036,0.008863933384418488,0.006003800313919783,0.927649974822998,0.0010207098675891757,1.123350671150547e-06,0.028699979186058044,0.00047011912101879716,0.002683955943211913,Double_bass
1a7d3f2d.wav,Double_bass,0.033153876662254333,0.0004577343352138996,0.13000935316085815,0.00022171996533870697,0.8053664565086365,1.9007398805115372e-05,2.1058017551922603e-08,8.83359753061086e-05,0.030661292374134064,2.206974386353977e-05,Double_bass
13da16ae.wav,Double_bass,6.530111704705632e-07,5.3107552957953885e-05,7.3885089477698784e-06,3.0020894428162137e-06,0.9999237060546875,3.934352662327001e-06,3.56127141665219e-11,2.043150516328751e-06,4.666899258154444e-06,1.5345362953667063e-06,Double_bass
103f29e5.wav,Double_bass,0.01623527705669403,9.804871660890058e-05,0.000265526061411947,0.00021462904987856746,0.9805362820625305,0.000707549334038049,4.744295836189849e-07,0.00013921235222369432,0.00047592874034307897,0.0013271349016577005,Double_bass
da8ea649.wav,Double_bass,0.000268208677880466,0.007683873176574707,0.0002431571192573756,5.5678556236671284e-05,0.9911702871322632,3.6410149277799064e-06,1.8842178928224484e-09,2.5056995582417585e-05,0.0005427589057944715,7.3710452852537856e-06,Double_bass
ca348cbb.wav,Double_bass,0.05399283021688461,1.548365048620326e-06,0.025828873738646507,3.342214313306613e-06,0.9200992584228516,7.024463570814987e-07,1.3003846263681673e-11,4.27005797973834e-05,2.8907295927638188e-05,1.816415192479326e-06,Double_bass
8ce2e863.wav,Double_bass,5.5642052757320926e-05,0.0010585049167275429,6.8022823143110145e-06,3.995207862317329e-06,0.9988283514976501,4.1658146074041724e-05,5.053036548213763e-12,2.8155666313978145e-06,4.1050941490539117e-07,1.94338099390734e-06,Double_bass
462b676f.wav,Double_bass,0.02180313505232334,0.006554514169692993,0.0053001404739916325,0.02027856931090355,0.8892138004302979,0.0013565442059189081,5.626737333841447e-07,0.0019619602244347334,0.00026326108491048217,0.053267400711774826,Double_bass
b428466c.wav,Double_bass,0.004291201010346413,0.0006979394238442183,0.0013488804688677192,2.8491260309237987e-05,0.9935340881347656,9.275016168430739e-07,2.383261643590373e-10,7.281851139850914e-05,1.445971429347992e-05,1.1278516467427835e-05,Double_bass
4fd883bb.wav,Double_bass,0.08903992921113968,5.0667069444898516e-05,0.047338929027318954,0.002242314862087369,0.8570330142974854,0.00032811754499562085,3.601916205298039e-07,7.339373405557126e-05,0.0038714688271284103,2.1714997274102643e-05,Double_bass
2ac8b94f.wav,Double_bass,0.00012720194354187697,0.00038799920002929866,0.01218823529779911,5.862980833626352e-05,0.9656659364700317,0.016413062810897827,1.527296603853756e-06,0.002569278934970498,0.0010455152951180935,0.001542591257020831,Double_bass
c840804f.wav,Double_bass,0.004343887325376272,0.0004151216708123684,0.003677378874272108,3.5248831409262493e-06,0.9914392828941345,2.7639911422738805e-05,6.243219274892908e-10,2.3509524908149615e-05,4.4467444240581244e-05,2.5091027055168524e-05,Double_bass
f63f3703.wav,Double_bass,0.00019272790814284235,0.0027090352959930897,0.0018866283353418112,3.7907286696281517e-06,0.9757416844367981,4.304644244257361e-05,1.924529513530615e-08,5.209395749261603e-05,1.033957778417971e-05,0.019360722973942757,Double_bass
c0ddf010.wav,Double_bass,0.009994545951485634,0.005899334792047739,0.020884215831756592,1.4457319593930151e-05,0.9571091532707214,6.19903948972933e-05,1.0123150673280179e-07,7.329730124183698e-06,0.004562804941087961,0.0014661079039797187,Double_bass
a0cbe92e.wav,Double_bass,0.0019349466310814023,0.018002888187766075,0.004090707749128342,0.0013544515240937471,0.9566214680671692,0.015676405280828476,1.4334665138449054e-05,0.001139155705459416,0.0004433627182152122,0.0007223282009363174,Double_bass
4fb480bf.wav,Double_bass,0.002693986287340522,0.09462146461009979,0.023453783243894577,0.002007844625040889,0.8536761999130249,0.018412455916404724,9.711856546346098e-05,0.0005861828685738146,0.0013736789114773273,0.0030771209858357906,Double_bass
9dd0141c.wav,Double_bass,0.002210992621257901,1.9132943634758703e-05,0.004147558473050594,0.0002944570442195982,0.9177263379096985,0.0006637254846282303,3.3567675927770324e-07,0.0049789524637162685,0.053617049008607864,0.016341587528586388,Double_bass
deb87700.wav,Double_bass,0.0003924580232705921,0.006470170337706804,0.011414437554776669,0.07264405488967896,0.8914942145347595,0.012963365763425827,1.5177417481027078e-05,0.0027477967087179422,0.0008798040798865259,0.0009786332957446575,Double_bass
e0ecd1a6.wav,Double_bass,0.11761759221553802,7.26073949408601e-06,0.07530993968248367,7.98808741819812e-06,0.8024067878723145,6.495203706435859e-06,1.977822572385435e-09,0.00017596491670701653,0.0041394964791834354,0.00032843081862665713,Double_bass
0286fc27.wav,Double_bass,0.00024857776588760316,0.0016701131826266646,0.010565684176981449,0.003592143300920725,0.9716756939888,0.0039380500093102455,7.181686669355258e-05,0.0008325931266881526,0.000527114316355437,0.0068781147710978985,Double_bass
e2d993ec.wav,Cello,0.015993457287549973,0.000880810315720737,0.8322016000747681,0.036905333399772644,0.023181991651654243,0.02733786404132843,7.844504580134526e-05,0.0082791056483984,0.005453241057693958,0.04968831688165665,Cello
0091fc7f.wav,Cello,0.030657265335321426,0.004019167739897966,0.8634262084960938,0.008575075305998325,0.015553757548332214,0.009150154888629913,3.5921762901125476e-05,0.023201188072562218,0.002919763093814254,0.04246138036251068,Cello
e55c5160.wav,Cello,0.002367734909057617,0.00017639763245824724,0.819765031337738,0.018381359055638313,0.02092292159795761,0.027476513758301735,9.447834599995986e-05,0.07052621245384216,0.011753000319004059,0.028536438941955566,Cello
a59b5a08.wav,Cello,0.0030763440299779177,0.023131219670176506,0.8544525504112244,0.0016011681873351336,0.06634527444839478,0.008062077686190605,0.00021534760890062898,0.000416636117734015,0.0012357637751847506,0.04146353155374527,Cello
88500b88.wav,Cello,0.0008003658731468022,0.0010846640216186643,0.8773357272148132,0.002726765349507332,0.004252435173839331,0.05921375751495361,0.0005142341833561659,0.04083389416337013,0.0021101098973304033,0.011128143407404423,Cello
743ae0f9.wav,Cello,0.013850171118974686,0.01375940628349781,0.7714498043060303,0.004123474471271038,0.1445865035057068,0.014018459245562553,0.00015608547255396843,0.011627892963588238,0.003088906407356262,0.023339377716183662,Cello
9e3bc1b6.wav,Cello,0.004537637811154127,0.006096312310546637,0.8866992592811584,0.006959594786167145,0.019404064863920212,0.0012776784133166075,4.2247532405781385e-07,0.03878178820014,0.03510994464159012,0.0011333347065374255,Cello
3e2bddda.wav,Cello,0.0008472540066577494,0.0003249474975746125,0.873989462852478,0.0010499980999156833,0.0022746273316442966,0.009270790964365005,0.00016377675638068467,0.028205959126353264,0.03988569974899292,0.043987467885017395,Cello
d328db67.wav,Cello,0.004926485475152731,7.435098814312369e-05,0.9297267198562622,0.011145634576678276,0.004025542177259922,0.01855132356286049,8.405813787248917e-06,0.02609007991850376,0.0016420957399532199,0.003809317946434021,Cello
7d896090.wav,Cello,0.05549778789281845,0.0020876305643469095,0.7692105174064636,0.023265764117240906,0.0428694449365139,0.020397229120135307,1.7377600670442916e-05,0.05294812098145485,0.020403428003191948,0.013302730396389961,Cello
4bff8f32.wav,Cello,0.022654855623841286,0.0009561188635416329,0.829496443271637,0.00298074958845973,0.13938350975513458,0.0007156252977438271,5.643905183205788e-07,0.002834925428032875,0.0006671033916063607,0.00031027509248815477,Cello
5e5bca7a.wav,Cello,0.010596412234008312,0.006654761731624603,0.8744508624076843,0.0025330479256808758,0.031168732792139053,0.014684172347187996,0.0001037971451296471,0.00935219693928957,0.0019724341109395027,0.0484837107360363,Cello
811bf309.wav,Cello,0.024103520438075066,0.0005490939947776496,0.8843744993209839,8.337143663084134e-05,0.023002685979008675,0.0411430262029171,2.5957289835787378e-05,0.001930153463035822,0.007582799531519413,0.017205065116286278,Cello
5689818f.wav,Cello,0.014680925756692886,0.0027081093285232782,0.8679954409599304,0.0007980310474522412,0.03062189370393753,0.03643453121185303,2.7294612664263695e-05,0.006535788998007774,0.005673424806445837,0.03452454134821892,Cello
81d9f077.wav,Cello,0.011155270040035248,0.000868604751303792,0.8721839785575867,0.02640642412006855,0.06085653230547905,0.011934144422411919,4.172811429725698e-07,0.012904955074191093,0.0031315223313868046,0.0005581525037996471,Cello
00353774.wav,Cello,0.014454900287091732,0.00018663983792066574,0.8674709796905518,0.005203459411859512,0.0016365915071219206,0.020453808829188347,0.00039859701064415276,0.038878705352544785,0.020242542028427124,0.03107372857630253,Cello
6a210ffa.wav,Cello,0.03329802304506302,0.0017811324214562774,0.7951878905296326,0.0006532811094075441,0.14630508422851562,0.003978539723902941,5.62766581424512e-06,0.004419597331434488,0.013888902962207794,0.0004819690075237304,Cello
e97d9707.wav,Cello,0.006808340549468994,0.0005364203825592995,0.8733065128326416,0.0014223761390894651,0.01273173838853836,0.021927904337644577,2.5412835384486243e-05,0.01335889007896185,0.049233026802539825,0.020649448037147522,Cello
238b16a5.wav,Cello,0.023463046178221703,0.00010226609447272494,0.6907916069030762,0.005147791467607021,0.2650521695613861,0.003240815130993724,8.783813245827332e-05,0.00043761287815868855,0.01000148244202137,0.0016753694508224726,Cello
dc5be9d7.wav,Cello,0.013967071659862995,0.0008589292992837727,0.8950741291046143,0.0013042471837252378,0.07138184458017349,0.005789672955870628,1.3603397746919654e-05,0.0004393839626573026,0.0004415938165038824,0.010729734785854816,Cello
f9653de8.wav,Cello,0.03498363494873047,0.02884431928396225,0.6891723871231079,0.0007601315737701952,0.21569818258285522,0.005942913703620434,2.8244012355571613e-05,0.0016261567361652851,0.0018679555505514145,0.021076025441288948,Cello
31dbc5c0.wav,Cello,0.022564521059393883,0.002478692913427949,0.7716478109359741,0.018426639959216118,0.02804476022720337,0.07934240251779556,3.247527638450265e-05,0.007795616053044796,0.001143245492130518,0.06852380931377411,Cello
cbc8d551.wav,Cello,0.04940761998295784,0.032994069159030914,0.7239221334457397,0.0009896921692416072,0.044918492436409,0.044133882969617844,5.828774010296911e-05,0.0071622454561293125,0.03437293693423271,0.062040649354457855,Cello
195f544d.wav,Cello,0.02443823777139187,0.01216210052371025,0.7134106159210205,0.002161617623642087,0.013035817071795464,0.1217297613620758,0.012476537376642227,0.030460314825177193,0.001252097892574966,0.06887293606996536,Cello
22bea889.wav,Cello,0.02666202373802662,0.0006819772534072399,0.8355444073677063,0.004957371391355991,0.11861623823642731,0.00029257358983159065,5.1226802497694734e-06,0.0012994412099942565,0.00973860826343298,0.002202253323048353,Cello
ab8e8ae3.wav,Cello,0.008099587634205818,0.006700108293443918,0.9435520172119141,0.0022513282019644976,0.013560139574110508,0.010812121443450451,3.146341987303458e-05,0.013659998774528503,0.0007810111856088042,0.0005523532745428383,Cello
e70c41d4.wav,Cello,0.016286859288811684,2.359311474720016e-05,0.7271075248718262,0.03051072731614113,0.0008474612259306014,0.1099783331155777,1.3310261238075327e-05,0.05032948777079582,0.0012845551827922463,0.06361803412437439,Cello
125e6ccf.wav,Cello,0.010025235824286938,0.0015734260668978095,0.9493789672851562,0.006492175627499819,0.01511449832469225,0.0007449554395861924,6.167571882542688e-06,0.00047570187598466873,0.013672882691025734,0.0025160207878798246,Cello
2da9e12a.wav,Cello,0.03728962317109108,0.0012907404452562332,0.8677985072135925,0.0005904249264858663,0.06301482766866684,0.01787051558494568,3.6606983485398814e-05,0.004430420231074095,0.0010670163901522756,0.006611363496631384,Cello
34e4d187.wav,Cello,0.023327253758907318,0.012342274188995361,0.694802463054657,0.0012368899770081043,0.21639984846115112,0.007956589572131634,4.7162007831502706e-05,0.02830067276954651,0.011267921887338161,0.004319018684327602,Cello
52e54bdd.wav,Bass_drum,0.005245693027973175,0.32131272554397583,0.19500181078910828,0.01637999154627323,0.3385266661643982,0.05624819174408913,0.000396480638301,0.003796600503847003,0.048484791070222855,0.014607087709009647,Double_bass
6d21ad67.wav,Bass_drum,1.418154079146916e-05,0.9193596243858337,0.029122041538357735,0.00021889235358685255,0.013545827008783817,0.03678923100233078,7.4195381785102654e-06,2.1714993636123836e-05,0.0006152717978693545,0.0003058049187529832,Bass_drum
ca3f3698.wav,Bass_drum,1.932549480443413e-07,0.9987500309944153,1.0329912583983969e-05,5.6188150665548164e-06,0.0012199449120089412,3.7656270706065698e-06,4.062534131321627e-08,1.647550220695848e-07,5.8339642237115186e-06,4.094041287316941e-06,Bass_drum
aa9ae956.wav,Bass_drum,5.6653689171071164e-06,0.969592273235321,0.0003948264638893306,0.00011786282993853092,0.025275414809584618,0.0033186539076268673,1.981302830245113e-06,5.947237582404341e-07,5.7979004850494675e-06,0.0012869348283857107,Bass_drum
0ddb4bdf.wav,Bass_drum,3.108378950855695e-05,0.9324160814285278,0.0010470557026565075,3.8915146433282644e-05,0.06461934745311737,0.001591776846908033,8.028388265302056e-07,8.705612231096893e-07,8.594784048909787e-06,0.00024551403475925326,Bass_drum
921eee9d.wav,Bass_drum,0.0007721188012510538,0.750528872013092,0.0065078772604465485,0.2144259661436081,0.0019447446102276444,0.0007845941581763327,0.0001396447332808748,0.018672840669751167,0.00585981784388423,0.0003635300090536475,Bass_drum
c153f347.wav,Bass_drum,3.320669293316314e-06,0.9877222180366516,7.73706633481197e-05,3.0142426112433895e-05,0.012091451324522495,1.2851696737925522e-05,1.221718122224047e-07,2.4188445877371123e-06,5.102190334582701e-05,9.0902876763721e-06,Bass_drum
63e0ab2c.wav,Bass_drum,3.751982148969546e-05,0.9711946249008179,0.0010295547544956207,1.352152776235016e-05,0.02677888609468937,0.0006096391589380801,1.0046233001048677e-06,4.255461760749313e-08,1.4593006198992953e-05,0.00032067432766780257,Bass_drum
88780eac.wav,Bass_drum,0.004785574972629547,0.8323174715042114,0.009455549530684948,0.012722328305244446,0.024800628423690796,0.03972284123301506,0.0036101543810218573,0.013743038289248943,0.041793081909418106,0.01704927161335945,Bass_drum
bea51ca5.wav,Bass_drum,0.004427318461239338,0.735855221748352,0.01254334021359682,0.15930914878845215,0.00531527865678072,0.040151387453079224,0.0005601609591394663,0.0009530205279588699,0.04079087823629379,9.42930782912299e-05,Bass_drum
f26131d8.wav,Bass_drum,6.1101472965674475e-06,0.9753561019897461,0.0005520483828149736,0.0004923412343487144,0.00015978624287527055,0.00015984971832949668,2.8679726256086724e-06,0.018334170803427696,0.004870441742241383,6.621919601457193e-05,Bass_drum
ce75b5ce.wav,Bass_drum,1.765806473486009e-06,0.9902232885360718,0.00010656591621227562,0.00013332380331121385,0.00022346031619235873,3.2632233342155814e-05,1.7463208905610372e-06,0.000521221081726253,0.00869565736502409,6.038685387466103e-05,Bass_drum
565f3ee2.wav,Bass_drum,2.2374057152774185e-05,0.9170838594436646,0.004816643428057432,0.0009953563567250967,0.048894863575696945,0.0006792350905016065,3.483901309664361e-05,2.116105315508321e-05,0.001069348305463791,0.026382340118288994,Bass_drum
ff11628d.wav,Bass_drum,0.00011013188486685976,0.9130502939224243,0.004858631640672684,0.0006039572763256729,0.06713514029979706,0.011069349944591522,2.6731975594884716e-05,2.73937239398947e-05,0.0001776251883711666,0.0029408331029117107,Bass_drum
cdfc8967.wav,Bass_drum,0.0015908603090792894,0.5795578956604004,0.03652387112379074,0.0018541173776611686,0.3339325487613678,0.02907637320458889,0.00017068312445189804,0.0004577627405524254,0.010745709761977196,0.00609015766531229,Bass_drum
f8a99b37.wav,Bass_drum,2.3505976059823297e-05,0.9634884595870972,0.0006721727550029755,5.858096483279951e-05,0.03287263959646225,0.002076207660138607,1.5133506394704455e-06,9.592106380296173e-07,8.572212209401187e-06,0.0007974639302119613,Bass_drum
809ea09e.wav,Bass_drum,9.970014070859179e-05,0.9511886835098267,0.0022608013823628426,3.8017849874449894e-05,0.04161308333277702,0.004393840674310923,1.6972622916000546e-06,1.96824066733825e-06,4.7837856982368976e-05,0.0003543952770996839,Bass_drum
03fc1f96.wav,Bass_drum,0.03368142247200012,0.4748646318912506,0.05085822939872742,0.00992149580270052,0.34297558665275574,0.00645486731082201,3.344478272993001e-06,0.06932572275400162,0.009046187624335289,0.002868574345484376,Bass_drum
8b6a16de.wav,Bass_drum,1.8814224631569232e-06,0.9860088229179382,2.562398549343925e-05,6.5330327743140515e-06,0.013936235569417477,6.806757482991088e-06,6.370289185042566e-08,4.182428767762758e-07,7.827668923710007e-06,5.812545168737415e-06,Bass_drum
7dda9dc2.wav,Bass_drum,0.0002882361295633018,0.9235320687294006,0.0031629009172320366,0.0012730564922094345,0.024100974202156067,0.0009495686972513795,0.0006438255659304559,0.0003623606462497264,0.029140761122107506,0.016546303406357765,Bass_drum
3a9085ca.wav,Bass_drum,1.8149532479583286e-05,0.9596287608146667,0.00016165096894837916,0.00025592761812731624,0.0005120044224895537,6.488841609098017e-05,2.2321125925373053e-06,0.001770614879205823,0.037469442933797836,0.00011626698687905446,Bass_drum
4ba2b70e.wav,Bass_drum,5.632567194879812e-07,0.9721773266792297,0.0002090463531203568,5.3449988627107814e-05,2.5522436772007495e-05,0.000125782928080298,9.764703463588376e-07,0.0053184316493570805,0.02203891985118389,4.9971571570495144e-05,Bass_drum
01c2f88b.wav,Bass_drum,1.528855318611022e-05,0.8851056694984436,0.002758464077487588,0.0004198796523269266,0.09833818674087524,0.009862898848950863,1.7233427342944196e-06,3.263190228608437e-05,0.0031116025056689978,0.00035364102222956717,Bass_drum
ce3f3400.wav,Bass_drum,0.10746841132640839,0.6543030738830566,0.057095255702733994,0.0012782627018168569,0.06794877350330353,0.0019543925300240517,0.0003724464913830161,0.005020549520850182,0.05711903050541878,0.047439828515052795,Bass_drum
6a96272b.wav,Bass_drum,8.07315700512845e-06,0.9808074831962585,0.0004593537305481732,0.001110326498746872,0.016740642488002777,0.00018616054148878902,5.409874574979767e-07,2.1546033167396672e-05,0.0006003031739965081,6.552317063324153e-05,Bass_drum
9adffd44.wav,Bass_drum,0.002842589048668742,0.961566686630249,0.004156423266977072,2.7228643375565298e-05,0.030486758798360825,3.157225000904873e-05,7.882608201725816e-07,1.0636227671056986e-05,6.581851630471647e-05,0.000811440811958164,Bass_drum
7d11b3b4.wav,Bass_drum,1.640458322071936e-06,0.9987800121307373,8.579422137700021e-05,5.0452639698050916e-05,0.000942088954616338,3.389605262782425e-05,4.772594479618419e-07,4.339643055573106e-06,7.93781946413219e-05,2.2008578525856137e-05,Bass_drum
bab98261.wav,Bass_drum,1.0655299774953164e-05,0.9971764087677002,0.00013768042845185846,4.9963087803917006e-05,0.0024392269551753998,7.210022886283696e-05,1.342098130407976e-06,7.020835255389102e-06,5.076673915027641e-05,5.4876276408322155e-05,Bass_drum
c11bacda.wav,Bass_drum,0.0009591001435182989,0.8739227652549744,0.03520099073648453,0.0012624241644516587,0.044285424053668976,0.027071867138147354,8.567083568777889e-05,0.012099686078727245,0.0012616126332432032,0.0038504910189658403,Bass_drum
9a4bfb69.wav,Bass_drum,0.00022431885008700192,0.6232407093048096,0.02271605096757412,0.0005156212719157338,0.3343689441680908,0.017437726259231567,1.6296359035550267e-06,0.0010776964481920004,0.0001783157786121592,0.00023898987274151295,Bass_drum
18865530.wav,Flute,4.2866777221206576e-05,2.3523254810697836e-07,0.00018320922390557826,0.0025356283877044916,0.000857815844938159,0.9542351365089417,2.821679117914755e-06,0.0015695595648139715,0.020757727324962616,0.019814904779195786,Flute
9f6eac9c.wav,Flute,2.2415482817450538e-05,6.5194210030483646e-09,0.00011578570411074907,0.05605308338999748,0.0009157546446658671,0.911268949508667,3.2539403036935255e-05,0.02912275306880474,0.0017088981112465262,0.0007597118383273482,Flute
07db7f16.wav,Flute,1.5400146367028356e-05,0.001695919199846685,0.0017771362327039242,0.013955769129097462,0.02450668066740036,0.9381398558616638,7.386010111076757e-05,0.00030745065305382013,0.0005972959334030747,0.018930625170469284,Flute
dc6676ff.wav,Flute,1.9604694898589514e-05,4.812053475689027e-07,0.005953204818069935,0.011156661435961723,2.3308961317525245e-05,0.9741169810295105,8.646372589282691e-05,0.0076453797519207,0.0007504580426029861,0.0002475876244716346,Flute
3eaddda8.wav,Flute,0.0011141757713630795,9.79151991487015e-06,0.030343472957611084,0.06280597299337387,0.0032493353355675936,0.8649512529373169,0.0009819668484851718,0.02085450291633606,0.0001863341312855482,0.015503291971981525,Flute
1b93aeba.wav,Flute,0.009515519253909588,2.3977128194019315e-07,5.355889879865572e-05,0.004483402241021395,0.00018481395090930164,0.9841182827949524,8.275548566416546e-07,0.0006010316428728402,0.0002805275726132095,0.0007617718656547368,Flute
c683f28f.wav,Flute,0.00015853391960263252,6.5472742782901605e-09,9.151727135758847e-05,0.009315352886915207,2.2333319975587074e-06,0.9902040958404541,2.4484035066052456e-07,0.00013848482922185212,2.8993778755648236e-07,8.957307727541775e-05,Flute
55d52a69.wav,Flute,1.7629261492402293e-05,0.0012377048842608929,0.0034053134731948376,0.002518837107345462,0.009149354882538319,0.965842604637146,0.00287874648347497,0.010444299317896366,7.701567665208131e-05,0.004428474232554436,Flute
ca8653d2.wav,Flute,0.00017462119285482913,1.216346504406829e-06,0.005559372249990702,0.03254096210002899,0.00024032969668041915,0.9298694133758545,1.9189701561117545e-05,0.02786511369049549,0.0002507026365492493,0.0034789755009114742,Flute
6b27a847.wav,Flute,0.0001664415030973032,5.185025656828657e-05,0.006199970375746489,0.0024428959004580975,0.0009754901984706521,0.9820490479469299,0.00032286529312841594,0.003999611828476191,7.295111572602764e-05,0.003718983381986618,Flute
4bcc8a77.wav,Flute,0.0011408863356336951,3.336600275360979e-05,0.00023898314975667745,0.005397482309490442,0.0005562471924349666,0.9860690236091614,4.830415855394676e-05,0.002263301517814398,0.0015947254141792655,0.002657670993357897,Flute
84f5b84b.wav,Flute,3.0700030038133264e-05,1.6761149135291475e-09,3.1437198231287766e-06,0.0005512004136107862,6.84673466366803e-07,0.998970091342926,7.485427744313711e-08,1.528873144707177e-05,5.065332970843883e-07,0.00042852110345847905,Flute
5d73ee6f.wav,Flute,0.0005085112643428147,0.00014219649892766029,0.00580428633838892,0.05238768085837364,0.013071703724563122,0.8383690118789673,0.005296612624078989,0.03939215838909149,0.01616450399160385,0.028863180428743362,Flute
5d040c3b.wav,Flute,0.0037970177363604307,1.2933665857417509e-05,0.005977779161185026,0.0015231150900945067,0.000613052980042994,0.9805618524551392,7.068761988193728e-06,0.005186711438000202,0.00024388583551626652,0.0020766647066920996,Flute
6a037ddf.wav,Flute,3.415967512410134e-05,0.0012148171663284302,0.004244244657456875,0.015520734712481499,0.015592739917337894,0.9466527104377747,0.000774335814639926,0.0074956682510674,0.00016409582167398185,0.00830654613673687,Flute
35e97db3.wav,Flute,1.7003767838197348e-10,9.223277388148085e-14,3.9526777406706515e-09,5.2242626225051936e-06,2.680858356488014e-12,0.999990701675415,8.757571094974992e-07,3.919718716272058e-12,5.08526424095046e-12,3.3539251944603166e-06,Flute
d14f5df1.wav,Flute,0.0016667860327288508,3.0040639558137627e-06,0.0035136702936142683,0.01348462700843811,0.0004901643842458725,0.9417778253555298,7.83680661697872e-05,0.03714931383728981,1.849969703471288e-05,0.001817763433791697,Flute
9f522cda.wav,Flute,0.006663767620921135,2.413717892224554e-09,0.00010119019134435803,0.013655430637300014,4.340612576925196e-05,0.9781174659729004,5.509401717063156e-07,0.0010536761255934834,1.5163549278440769e-06,0.0003630327992141247,Flute
fe76c972.wav,Flute,0.00010862702765734866,8.467268486356261e-08,0.006657413672655821,0.019997652620077133,4.275883475202136e-05,0.9541111588478088,1.9943711322412128e-06,0.018696501851081848,1.2682862688961904e-05,0.00037107488606125116,Flute
562d93f5.wav,Flute,0.0002118353731930256,0.00023791322018951178,0.002940658712759614,0.03840509429574013,0.009347723796963692,0.90423983335495,3.881848533637822e-05,0.03924333676695824,0.0032095948699861765,0.0021253919694572687,Flute
fa32109e.wav,Flute,0.00013035914162173867,4.0906179492594674e-05,0.00938767846673727,0.05054846033453941,0.0005081589333713055,0.9045955538749695,0.00017962115816771984,0.022619562223553658,0.0002375417825533077,0.011752072721719742,Flute
b4b2b68d.wav,Flute,0.005128243938088417,8.935444384405855e-06,0.021732749417424202,0.04661194235086441,0.0022499507758766413,0.9018940329551697,3.977882442995906e-05,0.00904536247253418,0.001183186424896121,0.012105765752494335,Flute
af227d6f.wav,Flute,6.761951226508245e-05,1.0176021305596805e-06,0.002200361108407378,0.07189548760652542,0.00022411171812564135,0.8852366209030151,0.0028905433136969805,0.029784787446260452,8.726100350031629e-05,0.007612296380102634,Flute
85d6a7d2.wav,Flute,0.00013346344348974526,7.029399995417407e-08,0.004077976569533348,0.08291342854499817,0.0001314794208155945,0.887315034866333,0.00013321170990820974,0.02414662018418312,1.1874006304424256e-05,0.001136855105869472,Flute
3707da71.wav,Flute,0.0002899749088101089,3.912800366379088e-06,0.005642123054713011,0.09483504295349121,0.00041872949805110693,0.8290480375289917,0.030150853097438812,0.02878878079354763,0.0020061295945197344,0.008816490881145,Flute
61c914b1.wav,Flute,1.5146770238061436e-05,4.936096956953406e-05,0.0028447776567190886,0.1581132709980011,0.002027441281825304,0.8358521461486816,6.1179293879831675e-06,0.0003356290399096906,1.3534505342249759e-05,0.0007423966890200973,Flute
f5e20dce.wav,Flute,0.028926914557814598,2.98687991744373e-05,0.0816667377948761,0.08083420246839523,0.008612195961177349,0.7304999232292175,0.010896428488194942,0.027170361950993538,0.010144324973225594,0.02121930941939354,Flute
b0d9849d.wav,Flute,0.00041514995973557234,0.00047591139446012676,0.006743935868144035,0.0449540801346302,0.008820151910185814,0.9067944288253784,0.0004427846288308501,0.015666818246245384,0.0017863215180113912,0.013900591060519218,Flute
6ef82473.wav,Flute,0.01087793055921793,2.5873173399304505e-06,0.003990620840340853,0.05320436507463455,0.010498572140932083,0.8918244242668152,0.004525293130427599,0.022432386875152588,0.00024535012198612094,0.0023984964936971664,Flute
8986cced.wav,Flute,3.1161249353317544e-05,5.728405199079134e-07,1.404899921908509e-05,0.0035302278120070696,0.00017445608682464808,0.9951742887496948,1.1282578270765953e-05,0.0009913004469126463,3.250773443141952e-05,4.01237812184263e-05,Flute
a64a3740.wav,Clarinet,9.274384069613006e-07,5.765434352156262e-09,6.164494834592915e-07,0.9887019395828247,1.024960965878563e-06,0.00865160021930933,1.4208366337697953e-05,2.660181337432732e-07,2.7631102057057433e-05,0.0026018978096544743,Clarinet
ad7ec8cb.wav,Clarinet,3.541655579919478e-10,2.2281406659497606e-14,1.8873544949116194e-09,0.9985883235931396,6.319537115828666e-10,0.00011496804654598236,3.6403444703125842e-09,1.698242879655254e-09,1.948489443748258e-05,0.001277277828194201,Clarinet
8ee44fb5.wav,Clarinet,0.010055890306830406,6.350033743274253e-08,2.7930080250371248e-05,0.9824504852294922,0.00039357042987830937,0.005730930250138044,1.1034673974563702e-07,0.0005945251905359328,0.00039537757402285933,0.00035119897802360356,Clarinet
7eb959ec.wav,Clarinet,0.003456784412264824,0.0006267225835472345,0.00521831726655364,0.9612107276916504,0.0020970008336007595,0.019506404176354408,0.000611715717241168,0.003490301314741373,0.0033729635179042816,0.0004089649301022291,Clarinet
e51e1770.wav,Clarinet,1.2529269952210598e-05,2.467187641741475e-06,0.0002447757578920573,0.9711055755615234,0.00031253008637577295,0.00047874628216959536,5.9054484154330567e-05,0.019885405898094177,0.001843747915700078,0.00605517765507102,Clarinet
3f7e6da8.wav,Clarinet,5.4230025853030384e-05,2.8302370083110873e-06,3.248633584007621e-05,0.997409462928772,4.570906821754761e-05,5.6184857385233045e-05,0.00048250038526020944,2.576867882453371e-05,0.0015749975573271513,0.0003160611668135971,Clarinet
3cbe9902.wav,Clarinet,0.0001220919075421989,0.0020671868696808815,0.0076854173094034195,0.9060734510421753,0.02342905104160309,0.0276019349694252,0.0004903973313048482,0.002874269150197506,0.0004758759168908,0.02918049320578575,Clarinet
9a722e53.wav,Clarinet,3.307981387479231e-05,1.057831044981583e-09,2.5758529318409273e-06,0.9978103041648865,6.599538755835965e-05,0.00022605707636103034,8.756930292008747e-09,0.0018441545544192195,4.108146640646737e-06,1.4144225133350119e-05,Clarinet
19105b8a.wav,Clarinet,0.001993628917261958,0.00010484785889275372,0.00011693647684296593,0.963266909122467,0.00019976407929789275,0.007640541065484285,0.0005371510051190853,0.01216212660074234,0.013216420076787472,0.0007617045193910599,Clarinet
1f81cc2b.wav,Clarinet,6.333521014312282e-05,6.313098310783971e-07,0.00010075071622850373,0.9705891609191895,3.5652596125146374e-05,0.012820037081837654,3.297103103250265e-05,0.015325228683650494,0.0004689258348662406,0.0005635907291434705,Clarinet
44c5094c.wav,Clarinet,5.343199518392794e-07,1.902544614906798e-11,6.135764579084935e-06,0.9960074424743652,7.731448192771495e-08,0.0033147684298455715,3.0207323309383582e-09,0.0006683246465399861,9.5587282089582e-08,2.700446884773555e-06,Clarinet
5506629f.wav,Clarinet,0.00031582245719619095,0.01266520842909813,0.00285675679333508,0.9612302184104919,0.0010697455145418644,0.01554157119244337,0.0006899047875776887,0.001999450149014592,0.003387916600331664,0.00024338472576346248,Clarinet
ddf23920.wav,Clarinet,2.0985370952075755e-07,4.070633163877346e-09,1.0395253866590792e-06,0.999140202999115,3.4085536526617943e-07,0.00060816336190328,2.4595638024038635e-06,6.864624424451904e-08,9.509928844408932e-08,0.00024745738483034074,Clarinet
2e1cd085.wav,Clarinet,4.2077456102740385e-11,1.4049144605923075e-13,4.937727449139118e-10,0.9951633810997009,8.38548714909848e-08,0.0014962329296395183,8.180107702315809e-10,1.7933814433490625e-06,3.7495759897865355e-05,0.003300874726846814,Clarinet
dc981a38.wav,Clarinet,0.01681188866496086,3.8176631278474815e-06,2.7569471058086492e-05,0.8886191844940186,3.579655822250061e-05,0.0919552817940712,4.454578447621316e-05,0.0010252263164147735,0.00030072787194512784,0.0011761081404983997,Clarinet
a053797b.wav,Clarinet,0.0020654313266277313,2.7637208077635478e-09,4.141262252232991e-06,0.997743546962738,1.6870384342837497e-06,2.5362431188113987e-05,2.1308531827912702e-08,0.00013600967940874398,1.5840372725506313e-05,8.01225451141363e-06,Clarinet
f2310f0d.wav,Clarinet,0.00037857561255805194,0.0015867373440414667,0.0036348311696201563,0.9213011264801025,0.01794254034757614,0.02609660103917122,0.000270467484369874,0.0037925089709460735,0.0004939906648360193,0.02450275421142578,Clarinet
ce65d6b5.wav,Clarinet,0.0028899479657411575,7.868091067564364e-09,5.787249506283842e-07,0.867130696773529,8.585783689341042e-06,0.026492711156606674,7.509415667072972e-08,0.10262945294380188,0.0008307941025123,1.7271358956350014e-05,Clarinet
45de3233.wav,Clarinet,0.0013182290131226182,0.007374017499387264,0.01605105586349964,0.9095422029495239,0.037159934639930725,0.017771732062101364,0.00011813784658443183,0.002033831086009741,0.0015872291987761855,0.007043606601655483,Clarinet
8916ffcd.wav,Clarinet,3.745723688552971e-06,7.42883293942953e-13,1.4652934510195337e-07,0.9999618530273438,1.9947730578451228e-08,1.4205963452695869e-05,4.421205623827973e-10,1.853433968790341e-05,1.2137782050558599e-06,3.376377719632728e-07,Clarinet
e43f7db2.wav,Clarinet,5.070572228760284e-07,3.010248272872218e-09,0.0004568718431983143,0.9902639389038086,3.107347197328636e-07,0.005959104280918837,3.1293882329919143e-07,0.0029710019007325172,1.4595023856145417e-07,0.0003477888531051576,Clarinet
3c66098d.wav,Clarinet,3.007241502928082e-06,5.2507120179567934e-11,1.514051177764486e-06,0.980341911315918,4.1484818780190835e-07,0.01964448392391205,3.2309779385286674e-07,2.110136620103731e-06,1.6106935163406888e-07,6.24977928964654e-06,Clarinet
ad42e493.wav,Clarinet,0.0007448694086633623,9.987093108065892e-06,0.001046151272021234,0.993361234664917,0.00017061982362065464,0.002960500307381153,7.719497079961002e-05,0.0005055894725956023,2.4349670638912357e-05,0.0010996474884450436,Clarinet
740e5bb7.wav,Clarinet,0.0003801618004217744,0.006729796528816223,0.019295038655400276,0.8724762797355652,0.022435542196035385,0.026368772611021996,0.0013799862936139107,0.03055380843579769,0.00030871774652041495,0.020071880891919136,Clarinet
800b401e.wav,Clarinet,0.006849069148302078,0.0008071086485870183,0.011644288897514343,0.9528882503509521,0.018906021490693092,0.0031998485792428255,3.335520432301564e-06,0.0029958540108054876,0.0025919668842107058,0.00011439561058068648,Clarinet
3c713bcf.wav,Clarinet,3.664677592496446e-07,0.0003958278684876859,0.006448259577155113,0.988262951374054,0.0009318992379121482,5.910032086831052e-06,0.00017828482668846846,0.0036246641539037228,0.00015111823449842632,7.671218895666243e-07,Clarinet
2fc00271.wav,Clarinet,0.0004607287119142711,4.608774816006189e-06,8.513918146491051e-05,0.9879159927368164,0.00016464889631606638,0.0004647855821531266,0.009813358075916767,0.0007722683949396014,0.00012637011241167784,0.00019221429829485714,Clarinet
b0c06255.wav,Clarinet,0.00012863842130172998,3.304662143932546e-08,0.0002730235573835671,0.9682917594909668,1.3239079635241069e-05,0.02440045401453972,5.5016029364196584e-05,0.004439815413206816,5.874098405911354e-06,0.0023919434752315283,Clarinet
71c6451f.wav,Clarinet,9.556532631904702e-08,4.081334228911437e-12,4.921076524055934e-08,0.9738950133323669,2.961796781164594e-06,0.010887745767831802,5.088983900947142e-09,0.0042087724432349205,1.7191041479236446e-05,0.01098827738314867,Clarinet
5de123c3.wav,Clarinet,7.029766493360512e-06,1.5586381144072625e-11,2.5585976004549593e-07,0.9958546757698059,9.397295031021713e-08,0.0005784981185570359,4.3438323160671644e-08,0.0001150686148321256,0.0001853677531471476,0.003259007353335619,Clarinet
